<?xml version="1.0" encoding="UTF-8" ?>
<!DOCTYPE mapper PUBLIC "-//mybatis.org//DTD Mapper 3.0//EN" "http://mybatis.org/dtd/mybatis-3-mapper.dtd">
<mapper namespace="com.wt.dao.CourseDao">
    <resultMap type="com.wt.entity.Course" id="Course">
        <id column="id" property="id"/>
        <result column="course_name" property="courseName"/>
        <result column="id" property="id"/>
        <result column="remark" property="remark"/>
    </resultMap>

    <insert id="create" keyProperty="id" useGeneratedKeys="true" parameterType="com.wt.entity.Course">
		insert into tb_course(
			course_name,
			remark
		)values(
			#{courseName},
			#{remark}
		)
	</insert>

    <select id="query" resultMap="Course">
        select * from tb_course
        <include refid="CourseFindCriteria"/>
        <!-- 查询需要关：<if test="offset!=null and rows!=null">limit ${offset} , ${rows}</if>-->
    </select>

    <select id="count" resultType="int">
        select count(1) from tb_course
        <include refid="CourseFindCriteria"/>
    </select>

    <select id="detail" resultMap="Course">
        select * from tb_course
        <include refid="CourseFindCriteria"/>
        limit 1
    </select>

    <delete id="delete">
        delete from tb_course
        <include refid="CourseFindCriteria"/>
    </delete>
    <update id="update">
        update tb_course
        <include refid="CourseUpdateCriteria"/>
        <include refid="CourseFindCriteria"/>
    </update>
    <sql id="CourseFindCriteria">
        <where>                                                           <!-- like concat('%',#{courseName},'%') -->
            <if test="courseName != null and courseName != ''">and course_name like concat('%',#{courseName},'%')</if>
            <if test="id != null">and id = #{id}</if>
            <if test="remark != null and remark != ''">and remark = #{remark}</if>
        </where>
    </sql>
    <sql id="CourseUpdateCriteria">
        <set>
            <if test="updateCourseName != null and updateCourseName != ''">course_name = #{updateCourseName},</if>
            <if test="updateId != null">id = #{updateId},</if>
            <if test="updateRemark != null and updateRemark != ''">remark = #{updateRemark},</if>
        </set>
    </sql>
</mapper>