<?xml version="1.0" encoding="UTF-8" ?>
<!DOCTYPE mapper PUBLIC "-//mybatis.org//DTD Mapper 3.0//EN" "http://mybatis.org/dtd/mybatis-3-mapper.dtd">
<mapper namespace="com.wt.dao.JobDao">
    <resultMap type="com.wt.entity.Job" id="Job">
        <id column="id" property="id"/>
        <result column="comp_name" property="compName"/>
        <result column="id" property="id"/>
        <result column="job_date" property="jobDate"/>
        <result column="remark" property="remark"/>
        <result column="salay" property="salay"/>
        <result column="stu_id" property="stuId"/>
    </resultMap>

    <insert id="create" keyProperty="id" useGeneratedKeys="true" parameterType="com.wt.entity.Job">
		insert into tb_job(
			comp_name,
			job_date,
			remark,
			salay,
			stu_id
		)values(
			#{compName},
			#{jobDate},
			#{remark},
			#{salay},
			#{stuId}
		)
	</insert>

    <select id="query" resultMap="Job">
        select * from tb_job
        <include refid="JobFindCriteria"/>
        <if test="offset!=null and rows!=null">limit ${offset} , ${rows}</if>
    </select>

    <select id="count" resultType="int">
        select count(1) from tb_job
        <include refid="JobFindCriteria"/>
    </select>

    <select id="detail" resultMap="Job">
        select * from tb_job
        <include refid="JobFindCriteria"/>
        limit 1
    </select>

    <delete id="delete">
        delete from tb_job
        <include refid="JobFindCriteria"/>
    </delete>
    <update id="update">
        update tb_job
        <include refid="JobUpdateCriteria"/>
        <include refid="JobFindCriteria"/>
    </update>
    <sql id="JobFindCriteria">
        <where>                                                  <!-- like concat('%',#{compName},'%') -->
            <if test="compName != null and compName != ''">and comp_name  = #{compName}</if>
            <if test="id != null">and id = #{id}</if>
            <if test="jobDate != null and jobDate != ''">and job_date = #{jobDate}</if>
            <if test="remark != null and remark != ''">and remark = #{remark}</if>
            <if test="salay != null">and salay = #{salay}</if>
            <if test="stuId != null">and stu_id = #{stuId}</if>
        </where>
    </sql>
    <sql id="JobUpdateCriteria">
        <set>
            <if test="updateCompName != null and updateCompName != ''">comp_name = #{updateCompName},</if>
            <if test="updateId != null">id = #{updateId},</if>
            <if test="updateJobDate != null and updateJobDate != ''">job_date = #{updateJobDate},</if>
            <if test="updateRemark != null and updateRemark != ''">remark = #{updateRemark},</if>
            <if test="updateSalay != null">salay = #{updateSalay},</if>
            <if test="updateStuId != null">stu_id = #{updateStuId},</if>
        </set>
    </sql>
</mapper>