<?xml version="1.0" encoding="UTF-8" ?>
<!DOCTYPE mapper PUBLIC "-//mybatis.org//DTD Mapper 3.0//EN" "http://mybatis.org/dtd/mybatis-3-mapper.dtd">
<mapper namespace="com.wt.dao.TeacherDao">
    <resultMap type="com.wt.entity.Teacher" id="Teacher">
        <id column="id" property="id"/>
        <result column="id" property="id"/>
        <result column="remark" property="remark"/>
        <result column="teacher_pwd" property="teacherPwd"/>
        <result column="teacher_name" property="teacherName"/>
<!--    ======================================= 添加 ===============================================-->
        <result column="name" property="name"/>
<!--    ============================================================================================-->
    </resultMap>

    <insert id="create" keyProperty="id" useGeneratedKeys="true" parameterType="com.wt.entity.Teacher">
		insert into tb_teacher(
			remark,
			teacher_pwd,
			teacher_name,
<!--    ======================================= 添加 ===============================================-->
			name
<!--    ============================================================================================-->
		)values(
			#{remark},
			#{teacherPwd},
			#{teacherName},
<!--    ======================================= 添加 ===============================================-->
        #{name}
<!--    ============================================================================================-->
        )
	</insert>

    <select id="query" resultMap="Teacher">
        select * from tb_teacher
        <include refid="TeacherFindCriteria"/>
<!--        <if test="offset!=null and rows!=null">limit ${offset} , ${rows}</if>-->
    </select>

    <select id="count" resultType="int">
        select count(1) from tb_teacher
        <include refid="TeacherFindCriteria"/>
    </select>

    <select id="detail" resultMap="Teacher">
        select * from tb_teacher
        <include refid="TeacherFindCriteria"/>
        limit 1
    </select>

    <delete id="delete">
        delete from tb_teacher
        <include refid="TeacherFindCriteria"/>
    </delete>
    <update id="update">
        update tb_teacher
        <include refid="TeacherUpdateCriteria"/>
        <include refid="TeacherFindCriteria"/>
    </update>
    <sql id="TeacherFindCriteria">
        <where>
            <if test="id != null">and id = #{id}</if>
            <if test="remark != null and remark != ''">and remark = #{remark}</if>
            <if test="teacherName != null and teacherName != ''">and teacher_name = #{teacherName}</if> <!-- like concat('%',#{teacherName},'%') -->
            <!-- <if test="teacherPwd != null and teacherPwd != ''">and teacher_pwd = #{teacherPwd}</if> -->

            <if test="name != null and name != ''">and name like concat('%',#{name},'%')</if> <!-- like concat('%',#{name},'%') -->

        </where>
    </sql>
    <sql id="TeacherUpdateCriteria">
        <set>
            <if test="updateId != null">id = #{updateId},</if>
            <if test="updateRemark != null and updateRemark != ''">remark = #{updateRemark},</if>
            <if test="updateTeacherPwd != null and updateTeacherPwd != ''">teacher_pwd = #{updateTeacherPwd},</if>
            <if test="updateTeacherName != null and updateTeacherName != ''">teacher_name = #{updateTeacherName},</if>

            <if test="name != null and name != ''">name = #{name},</if>

        </set>
    </sql>
</mapper>
