<?xml version="1.0" encoding="UTF-8" ?>
<!DOCTYPE mapper PUBLIC "-//mybatis.org//DTD Mapper 3.0//EN" "http://mybatis.org/dtd/mybatis-3-mapper.dtd">
<mapper namespace="com.wt.dao.UserDao">

    <!--================================= 添加应对下面的查询标签 ===================================-->
    <resultMap id="User" type="com.wt.entity.User" >
        <id column="id" property="id"/>
        <result column="id" property="id"/>
        <result column="name" property="name"/>
        <result column="user_name" property="userName"/>
        <result column="user_pwd" property="userPwd"/>
		<result column="remark" property="remark"/>
    </resultMap>
    <!--==================================================================================-->

    <insert id="create" keyProperty="id" useGeneratedKeys="true" parameterType="com.wt.entity.User">
		insert into tb_user(
			name,
			user_name,
			user_pwd,
			remark
		)values(
			#{name},
			#{userName},
			#{userPwd},
			#{remark}
		)
	</insert>

    <!--    删除-->
    <delete id="delete">
        delete from tb_user
        <include refid="UserFindCriteria"/>
    </delete>

    <!--    更新-->
    <update id="update">
        update tb_user
        <include refid="UserUpdateCriteria"/> <!-- 更新条件 -->
        <include refid="UserFindCriteria"/>
    </update>

    <!--    计数-->
    <select id="count" resultType="int">
        select count(1) from tb_user
        <include refid="UserFindCriteria"/>
    </select>

    <!--    查询-->
    <select id="query" resultMap="User">
        select * from tb_user
        <include refid="UserFindCriteria"/>
        <if test="offset!=null and rows!=null">limit ${offset} , ${rows}</if>
    </select>

    <!--    详情-->
    <select id="detail" resultMap="User">
        select * from tb_user
        <include refid="UserFindCriteria"/>
        limit 1
    </select>


    <sql id="UserFindCriteria">
        <where>
            <if test="id != null">and id = #{id}</if>
            <if test="name != null and name != ''">and name like concat('%',#{name},'%')</if> <!-- like concat('%',#{name},'%' -->
            <if test="userName != null and userName != ''">and user_name = #{userName}</if>
            <if test="userPwd != null and userPwd != ''">and user_pwd = #{userPwd}</if>
            <if test="remark != null and remark != ''">and remark = #{remark})</if> <!-- like concat('%',#{remark},'%' -->
        </where>
    </sql>
    <sql id="UserUpdateCriteria">
        <set>
            <if test="updateId != null">id = #{updateId},</if>
            <if test="updateName != null and name != ''">name = #{updateName},</if>
            <if test="updateUserName != null and userName != ''">user_name = #{updateUserName},</if>
            <if test="updateUserPwd != null and userPwd != ''">user_pwd = #{updateUserPwd},</if>
            <if test="updateRemark != null and remark != ''">remark = #{updateRemark},</if>
        </set>
    </sql>
</mapper>
