<?xml version="1.0" encoding="UTF-8"?>
<beans xmlns="http://www.springframework.org/schema/beans"
       xmlns:xsi="http://www.w3.org/2001/XMLSchema-instance"
       xmlns:context="http://www.springframework.org/schema/context"
       xmlns:aop="http://www.springframework.org/schema/aop"
       xmlns:mvc="http://www.springframework.org/schema/mvc"
       xsi:schemaLocation="
             http://www.springframework.org/schema/beans
             http://www.springframework.org/schema/beans/spring-beans.xsd
             http://www.springframework.org/schema/context
             http://www.springframework.org/schema/context/spring-context.xsd
             http://www.springframework.org/schema/aop
             http://www.springframework.org/schema/aop/spring-aop.xsd
             http://www.springframework.org/schema/mvc
             http://www.springframework.org/schema/mvc/spring-mvc.xsd">


    <context:component-scan base-package="com.wt.controller"/>
    <!--     <context:component-scan base-package="com.wt.controller,com.wt.utils"/>-->

<!--    ======================================= 添加 ===============================================-->
<!--    <bean id="conversionService" class="org.springframework.format.support.FormattingConversionServiceFactoryBean">-->
<!--        <property name="converters">-->
<!--            <set>-->
<!--                <bean class="java.wt.utils.DateConverter"/>-->
<!--            </set>-->
<!--        </property>-->
<!--    </bean>-->
<!--    ============================================================================================-->


    <mvc:annotation-driven > <!--conversion-service="conversioService"-->
        <mvc:message-converters>
            <bean class="org.springframework.http.converter.json.MappingJackson2HttpMessageConverter">
                <property name="objectMapper">
                    <bean class="com.fasterxml.jackson.databind.ObjectMapper">
                        <property name="dateFormat">
                            <bean class="java.text.SimpleDateFormat">
                                <constructor-arg type="java.lang.String" value="yyyy-MM-dd"/>
                            </bean>
                        </property>
                    </bean>
                </property>
            </bean>
        </mvc:message-converters>
    </mvc:annotation-driven>


    <!-- 视图解析器                                      IRVR-->
    <bean class="org.springframework.web.servlet.view.InternalResourceViewResolver">
        <property name="prefix" value="/WEB-INF/page/"></property>
        <property name="suffix" value=".jsp"></property>
    </bean>

    <!-- 默认-控制器-处理（静态测试不会拦截） -->
    <mvc:default-servlet-handler/>

    <mvc:interceptors>
        <mvc:interceptor>
            <mvc:mapping path="/**/*"/>   <!--拦截所有请求-->
            <bean class="com.wt.utils.PathInterceptor"/>
        </mvc:interceptor>
        <mvc:interceptor>
            <mvc:mapping path="/**/*"/>
            <!-- 下面是不需要拦截 -->
            <mvc:exclude-mapping path="/login"/>
            <mvc:exclude-mapping path="/logout"/>
            <mvc:exclude-mapping path="/captcha/*"/>
            <mvc:exclude-mapping path="/static/**"/>
            <bean class="com.wt.utils.PermissionInterceptor"/>
        </mvc:interceptor>
    </mvc:interceptors>

        <bean id="multipartResolver" class="org.springframework.web.multipart.commons.CommonsMultipartResolver">
            <property name="maxUploadSize" value="104857600"/>
            <property name="maxInMemorySize" value="4096"/>
            <property name="defaultEncoding" value="UTF-8"/>
        </bean>

</beans>
